Name,Address,Zip Code,State,Phone,Web URL,null-Address,Type,Style
K-Bay Martial Arts Warrior Training Center & Gym,"601 E Pioneer Ave, Suite 117, Homer",99603,Alaska,null,https://www.facebook.com/KBayWarriorTrainingCenter,kachemakbay.martialarts@gmail.com,School,
Arizona Filipino Martial Arts,"318 North 5th Avenue, Phoenix ",85003,Arizona,[602] 6799713,null,null,school,
Arnis Balite,Peoria ,85345,Arizona,null,null,null,school,Arnis
Comprehensive Fighting Systems,Sahuarita ,85629,Arizona,[575] 3084632,null,null,school,
Direct Torres Eskrima International,Mesa ,85213,Arizona,null,null,null,school,Eskrima
DTE Eskrima,"1409 W. Indian School Rd., Phoenix ",null,Arizona,[480] 3319885,null,null,school,Eskrima
ESAELD Panuntukan/JKD,"Val Vista Dr & Guadalupe Rd., Gilbert ",85234,Arizona,null,null,null,school,
FTMA Arizona Chapter,Phoenix ,null,Arizona,[480] 3433362,null,null,school,
Full Circle Martial Arts,Glendale ,null,Arizona,[623] 7556720,null,null,school,
Gerald Toki School of Kali,"7171 W Discovery Dr, Glendale ",85303,Arizona,[623] 3329367,null,null,school,Kali
NavaSticks FMA,North Central Phoenix ,85032,Arizona,[480] 7071141 ,null,null,school,
Phoenix Combat Escrima ,Phoenix AZ,null,Arizona,[602] 3589520 ,null,null,school,Escrima
Progressive Arnis Tucson Arizona,"7320 N. La Cholla Blvd. #164, Tucson ",85741,Arizona,null,null,null,school,Arnis
Southwest Martial Arts,"2356 W. Jasper Butte Dr., Queen Creek ",85242,Arizona,[480] 9875116,null,null,school,
Stick Fighter Training Center,Tucson ,85745,Arizona,[520] 9559243,null,null,school,
Conway Karate Jujitsu Escrima,Conway ,72127,Arkansas,[501] 3545843,null,null,school,Escrima
HAMA/Sanano Arnis Trecehampas,"1002 E. Main St., Cabot ",72023,Arkansas,[501] 6061722,null,null,school,
Malmo Martial Arts,"P.O. Box 654, Bentonville ",72712,Arkansas,[479] 6404455,null,null,school,
PTK Arkansas,Fort Smith ,72903,Arkansas,null,null,null,school,
(UDT) Urban Defense Tactics,San Jose,95148,California,(408) 753-7539,www.udtkali.weebly.com,kisurvivalconcepts@gmail.com,School,
729 Matoza Ln.,San Leandro ,94577,California, [510] 2067156,null,null,school,
American Karate,"2440 Sand Creek Rd.  E-10, Brentwood,",94513,California,(925)240-8384,www.americankarate1.com,dmrethage@sbcglobal.net,School,
American Karate Academy (Latosa Escrima),"424 Moore Lane, Healdsburg ",null,California,[707] 4334717,null,null,school,Escrima
Atillo Balintawak,"38550 Florence St., Beaumont ",92223,California,[909] 3636435,null,null,school,
B.A.S.H. Combatives Fitmess,"2934 N. Beverly Glen Circle #270, Los Angeles ",90077,California,[310] 8502515,null,null,school,
BabaoArnis Academy,"1143 Antoine Dr., San Diego ",92139,California,null,null,null,school,
Backyard BrotherhoodUna Sa Laban,Salinas ,93906,California,[417] 2523441,null,null,school,
Bahala Na Filipino Martial Arts Association / Giron Escrima Arnis,"World Headquarters, 203 East Hazelton Street, Stockton",95203,California,null,BahalaNa.org,null@null.com,School,Escrima / Arnis
Bahala Na Filipino Martial Arts Association San Francisco Bay Area,"1739 Wallace Ave., San Francisco",94124,California,null,BahalaNa.org,null@null.com,School,
Bahala Na Multi-Style Escrima ,"Filipino Plaza 6 West Main St., Stockton",95201,California,[209] 9818084,www.bahalanamulti-style.com,null,school,Escrima
Bais Tres Manos (KalisSilatKuntaw) ,"12 Panaroma Dr. AptD, Vallejo ",94589,California,[925] 4516728,null,null,school,Kali
Balintawak Arnis Academy,"Bayanihan Center, Seafood Plaza, 3495 Sonoma `Blvd, Vallejo ",94589,California,[707] 3424448,null,null,school,Arnis
Bandalan Doce Pares,"6081 Killarney Ave., Garden Grove ",92845,California,[714] 8925271 / [714] 8988497,null,null,school,
Bay Area Serrada Escrima,"P.O. Box 21716, El Sobrante ",94820,California,[510] 2220332,null,null,school,Escrima
BlaysHalla Battle Academy,Orange,null,California,null,null,null,school,
Cabales Serrada Escrima,"136 E Harding Way, Stockton ",95207,California,[209] 5982384,null,null,school,Escrima
Capital Doce Pares,"2197 Chase Drive Bldg. #2, Rancho Cordova ",95670,California,[916] 8635278,null,null,school,
Cardenas School of Modern Arnis/Arnis de Mano,"2605 Hoover Ave., National City ",91950,California,[619] 3391418,null,null,school,Arnis
Center for Practical Self Defense (Combat Jujutsu and Filipino Fighting Methodology),"Riverside, California",null,California,[909] 2343015,null,null,school,
"Classic Escrima, Ronald A. Harris, Ph.D. Chief Instructor","1 Birdsnest Court, Mill Valley",94941,California,985-249-0801,null,ruow@yahoo.com,School,Escrima
Combative Martial Arts Systems,"1670 West 162nd St., Gardena ",90247,California,null,null,null,school,
Dakip Diwa Martial Arts,Antioch 94509,null,California,[925] 8487389,null,null,school,
Decuerdas Self Defense Organization,"960 Shortland Circle, Manteca ",95337,California,[209] 6087826,null,null,school,
Delta One Martial Arts (Senkotiros),"3385 Deer Valley Road, Antioch ",94531,California,[925] 7531167,null,null,school,
Doce Pares,"2391 Cashaw Way, Sacramento ",95834,California,[916] 2481802 ,null,null,school,
Doce Pares Multi-Style,Los Angeles,90027,California,null,LADocePares.Com,null@null.com,School,
Doce Pares Multi-Style,Redondo Beach,90277,California,555-55-5555,QuestTKD.Com,null@null.com,School,
Doce Pares Multi-Style,Sacramento,95838,California,null,FMAADocePares.Com,null@null.com,School,
Doce Pares Multi-Style,Sacramento,95828,California,null,DocePares.Net,null@null.com,School,
Doce Pares Multi-Style,"Saratoga,",95070,California,null,Bandalan.Com,null@null.com,School,
Doce Pares Sacramento,"65 Quint Ct. Suite J, Sacramento ",95823,California,[916] 3750745,null,null,school,
Dublin Martial Arts Academy,Dublin ,94568,California,[925] 2360076,null,null,school,
Dublin Martial Arts Academy,Dublin,94568,California,null,www.dublinma.com,null@null.com,School,
East Wind Martial Arts,"1635 G. Street, Merced",95340,California,(209) 723 1358,null,null@null.com,School,
ESKABO Da'an,"1475 Polk St #11, San Francisco ",94109,California,[415] 6744388,null,null,school,
Filipino Martial Arts Academy,"3901 A Pell Circle, Sacramento ",95834,California,null,null,null,school,
Filipino Martial Arts Academy (Doce Pares),"120 Main Ave. Suite C., Sacramento ",95838,California,[916] 8038157,null,null,school,
Filipino Martial Arts Academy (Doce Pares),"120 Main Ave. Suite C., Sacramento ",95838,California,[916] 8038157,null,null,school,
Filipino Tactical Systems,"Mente Linda Loop Park, Milpitas ",95035,California,[909] 4388045,null,null,school,
FILKOMA (Filipino Kombat Martial Arts) ,"833 Brisbane St., Hemet ",92545,California,[858] 4515425,null,null,school,
Gajo Martial Arts,"10890B Thornmint Rd., San Diego ",92127,California,[805] 3768292,null,null,school,
Gonzalez Martial Arts Academy,"1143 W. Fremont St, Stockton ",95203,California,[209] 369 2747,null,null,school,
ILMA/Sanano Arnis Trecehampas,"4681 Mission St., San Frnacisco ",94112,California,null,null,null,school,Arnis
IMB Academy Inc.,"22109 South Vermont Ave., Torrance ",90502,California,[310] 7878793,null,null,school,
Inayan Eskrima Academy,"1350 South Park Victoria, Milpitas/San Jose ",95132,California,[408] 7124244,null,null,school,Eskrima
Inayan Systems International,"PO Box 2112, Paradise, CA. ",95967,California,null,null,null,school,
International Eskrima Serrada Association,"San Francisco, Oakland, Los Angeles ",null,California,[888] 2215462,null,null,school,Eskrima
Island Warriors Balintawak Arnis,"4380 Sonoma Blvd., Vallejo ",94589,California,[707] 4771159,null,null,school,Arnis
Jedokan Martial Arts,"9412 Irondale Ave., Chatsworth ",91311,California,[818] 6455240,null,null,school,
JEDOKAN Martial Arts Academy,"9412 Irondale Avenue, Chatsworth",91311,California,null,www.jedokan.org,jedokan@jedokan.org / jeffjeds@yahoo.com,School,
"Jeet Kune Do Athletics Association, Sifu Harinder Singh Sabharwal",Sunnyvale,null,California,null,www.jkdathletics.com,null@null.com,School,
JKD Self Defense Academy,"1931 Old Middlefield Way, Mountain View ",94043,California,[408] 3730204,null,null,school,
KaJuKenBo Self Defense Institute of Vallejo,"974 Benicia Rd, Vallejo ",94591,California,null,null,null,school,
Kali Method ,1330 N. Monte Vista Ave #2 ,91786,California,[909] 5758809,null,null,school,
KATA Tapado Filipino Long Stick Fighting,"Curtis Park, Sacramento ",95864,California,[916] 718 7639,null,null,school,
Kenshin Kai,"6070 Livingston Ln., Placerville ",95667,California,[808] 5545445,null,null,school,
K-S-E-A Monterey Bay Kali-Silat / Escrima / Arnis Guro David Hines,"P.O. Box 662, Pacific Grove",93950,California,null,Defondo@aol.com,null@null.com,School,"Escrima 
/ Arnis"
Lameco Eskrima,,null,California,[818] 3570440,null,null,school,Eskrima
Latosa - Escrima,"PO Box 651, Winidsor",95492,California,707 843-0640,www.escrima-concepts.com,rzl@comcast.net,School,Escrima
Latosa Weapons System (Latosa Escrima),"PO Box 651, Windsor ",95492,California,[707] 8430640,null,null,school,Eskrima
Liahona Warrior Arts International,"6100 Tremain Dr, Citrus Heights ",95621,California,[916] 7473694 ,null,null,school,
Los Angeles Doce Pares ,Los Angeles ,90031,California,null,null,null,school,
Magda Institute of Martial Arts,"7255 Canby Ave., Reseda ",91335,California,[818] 3422455,null,null,school,
Manglinong Martial Arts,"PO Box 8251, South Lake Tahoe ",96158,California,,null,null,school,
Manglinong Martial Arts,"PO Box 8251, South Lake Tahoe",96158,California,null,null,null@null.com,School,
Marin Self Defense Solutions,"555 Francisco Blvd E, Unit 12, San Rafael ",94901,California,[415] 7554318,null,null,school,
MARPPIO at Solis Martial Arts,"1169 23rd St., San Pablo",null,California,"(415)624-3094 
/ (415)889-9249",http://www.modernarnis.com,drremypresas@modernarnis.com,School,
Martial Arts Development Rogue Eskrima,"108 Old County Rd, Brisbane",94005,California,null,www.martialartsdev.com,null@null.com,School,Eskrima
Martial Arts Training Club,Sacramento ,95824,California,[916] 4219428,null,null,school,
Mata sa Bagyo,Stockton,null,California,[209] 9920832,null,null,school,
Mikita School of Martial Art,"12908 West Washington Blvd., Los Angeles ",90066,California,[310] 7545517,null,null,school,
MiraRada Escrima,"1163 East March Lane, Suite D363, Stockton ",95210,California,[209] 4053189,null,null,school,Escrima
Modern Arnis Remy Presas International Organization (MARPIO),"1169 Market St. Suite 249, San Francisco ",94103,California,[415] 7030434,null,null,school,Arnis
Mt. Diablo Hwa Rang Kwan Tae Kwon Do/Hapkido/Kumdo,"3105 Willow Pass Road, Baypoint, (San Francisco Bay Area)",94565,California,"925-458-1254 
/ 925-980-3018",www.mtdiablohrk.net,mtdiablohwarangkwan@hotmail.com,School,
Mt. Diablo Hwa Rang Kwan/Isidro Modern Arnis,"3105 Willow Pass Rd., Baypoint ",94565,California,[925] 4581254,null,null,school,Arnis
Nor Cal Kabaroan (W.O.R. Ministries),"4383 Oxwood Dr., Sacramento ",95826,California,[916] 8027096,null,null,school,
Oakland Eskrima Club,"4770 San Pablo Ave., Emeryville ",94608,California,[510] 3938928,null,null,school,
OC Kickboxing & Mixed Martial Arts,"18241 W McDurmott, Irvine",92614,California,949-833-8339,ockickboxing.com,null@null.com,School,
Ohana Kenpo Karate & Bandalan Doce Pares (Bandalan Doce Pares Headquarters),"402 3rd St., San Juan Bautista ",95045,California,[408] 3100101,null,null,school,
Original Giron Escrima Federation,Vallejo ,94591,California,[707] 8532477,null,null,school,Escrima
Original Giron Escrima Federation,"974 Benicia Rd., Vallejo",null,California,null,www.originalgironescrima.com,null@null.com,School,Escrima
P.A.M.A.,"P.O. Box 610277, San Jose ",95161,California,[408] 9463200,null,null,school,
Pakamut Eagle Rock Los Angeles,"1840 Yosemite Dr, Los Angeles ",90041,California,null,null,null,school,
Pakamut Flex Services Inc.,"PO Box 65552, Los Angeles ",90065,California,[323] 3508500,null,null,school,
Pekiti Tirsia Kali,"2295 Lincoln Ave, San Jose ",95125,California,[949] 922 – 5583,null,null,school,Kali
Phelan Self Defense,"4647 Jackson Ln, Phelan ",93372,California,[760] 8690840,null,null,school,
PMAA (Hayward Martial Arts),"1024 B St. Suite 1, Hayward ",94541,California,[925] 8647477,null,null,school,
PTKSMF Los Angeles,Los Angeles,null,California,[323] 4128556,null,null,school,
PTK-SMF Los Angeles,Los Angeles,null,California,null,ptksmfla.com,null@null.com,School,
PTKSMF Peninsula,"230 De Anza Blvd., San Mateo ",94402,California,[415] 9396346,null,null,school,
Pulahan Derobio Eskrima,"821 Kuhn Drive, Suite 106, Chula Vista ",91914,California,[619] 8851571,null,null,school,
San Diego Doce Pares,San Diego,null,California,null,null,null,school,
Senkotiros,"13752 Doolittle Drive, San Leandro ",94578,California,[510] 4836560,null,null,school,
Senkotiros Arnis FMA,"P.O. Box 3124, San Leandro",94578,California,(510) 351-6776,null,grandmasterpallen@yahoo.com,School,Arnis
Serrada Escrima ,"P.O. Box 268, French Camp ",95231,California,[209] 2342188,null,null,school,Escrima
SikaranArnis Academy,"Sikaran Bldg. 1122 High St., Delano ",93215,California,[661] 7209175,null,null,school,
Solve et Coagula,"13428 Maxella Ave # 192, Marina Del Rey ",90292,California,[310] 9029673,null,null,school,
South Bay Filipino,"19751 South Figuroa Ave., Carson ",90745,California,[310] 9611266,null,null,school,
South Bay Filipino Martial Arts Club,"15205 Crenshaw, Gardena",null,California,(310) 961-1266,www.website.co,null@null.com,School,
Spirit of Filipino Martial Arts,"833 Brisbane St., Hemet ",92545,California,[909] 4388045,null,null,school,
Sudlud Eskrima,San Jose ,95117,California,[408] 8665127,null,null,school,Eskrima
Tae Kali Do,"1661 Pacific Ave. #18, Oxnard ",93033,California,[805] 2562032,null,null,school,Kali
Tandez Academy of Martial Arts,"1931 Old Middlefield Way, Unit C, Mountain View",94043,California,null,www.jkdkickboxing.com,null@null.com,School,
The Mikita School of Martial Art,"12908 West Washington Blvd., Los Angeles",90066,California,(310) 754-5517,www.fightology.com,null@null.com,School,
Toma's Modern Arnis,"4404 West Victory Blvd., Burbank ",91505,California,[818] 8434984,null,null,school,Arnis
Trampilla Arnis,1551 W. 13th St. Upland,null,California,[909] 2648136,null,null,school,Arnis
Trampilla Arnis,"1551 W. 13th St., Upland",null,California,909-264-8136,null,trampillaarnis@gmail.com,School,Arnis
Trampilla Arnis,Grand Terrace (Inland Empire),null,California,null,null,trampillaarnis@gmail.com,School,Arnis
Typhoon Martial Arts,"4120 Franklin Blvd, Sacramento ",95820,California,[916] 4555155,null,null,school,
Upakan BaraBara Martial Arts Academy,"Fremont, ",94536,California,[510] 8285108,null,null,school,
Urban Defense Tactics,"San Jose, San Jose ",95148,California,[408] 7537539,null,null,school,
VEA Martial Arts Academy,"17978 Ideal Parkway, Manteca",95336,California,209-608-7826,www.veamartialarts.com,null@null.com,School,
Wan Chuan Do Kali Association,"PO Box 1293, Magalia ",95954,California,null,null,null,school,Kali
"Warriors of Righteousness, Kabaroan Eskrima, Serrada Eskrima, Lua O Kaihewalu, Karakenpo Eskrima",Sacramento,null,California,null,kabaroan.com,ebansuelo@hotmail.com,School,Eskrima
Warriors of Visayas Ordiniza Filipino Martial Arts,"2910 Southside Rd., Hollister ",95023,California,[831] 524295,null,null,school,
Waterford Martial Arts Center,"304 F St. Suite C., Waterford ",95386,California,[209] 4092462,null,null,school,
White Tiger Martial Arts Academy,"9525 N. Sommerville Dr. #111, Fresno ",93720,California,[559] 4331200,null,null,school,
Williams Home of Escrima,Tracy ,95304,California,[209] 8352546,null,null,school,Escrima
World Eskrido Federation,"5917 Los Molinos Dr., Buena Park ",90620,California,[714] 9283371,null,null,school,Escrima
Colorado Bahad Zu'bu Eskrima/Kali/Arnis,"14401 E.Bayaud Ave Unit E., Aurora",80011,Colorado,[303] 5478665,null,null,school,Eskrima / Kali / Arnis
Colorado Chinese & Filipino Martial Arts,"21235 E. Grand Dr., Centennial ",80015,Colorado,[303] 2047008,null,null,school,
Defense Institute School of SelfDefense,"845 South Circle Dr., Colorado Springs ",80910,Colorado,[719] 6308373,null,null,school,
Denver Academy of Martial Arts,"4401 S. Tamarac Pkwy, Denver ",80247,Colorado,[303] 7589383 ,null,null,school,
"Kapatiran Mandirigma Colorado, Kombatan Arnis, Kadena Kruzada Eskrima","4103 S. Mason, Ft. Collins, Longmont, Denver",80525,Colorado,null,http://kapatiran-mandirigma.com/,null@null.com,School,"Escrima  
/ Arnis"
Martial works,Boulder ,80304,Colorado,[720] 933 6011,null,null,school,
Nubreed Kali Silat,"935 Sheridan Blvd. #34, Lakewood ",80214,Colorado,[720] 6286803,null,null,school,Kali
Rocky Mountain Kali Group,Colorado Springs ,80903,Colorado,[719] 3046764,null,null,school,
Tabimina Balintawak Central US Chapter,Denver,80121,Colorado,(850) 635-5334,www.TabiminaSystem.com,jpwhsv@gmail.com,School,
Tabimina Balintawak Denver/Central US Chapter,"Central Park, Stapleton,Denver ",80238,Colorado,[850] 6355334,null,null,school,
Becker Wing Chun Kune Tao (Kali Silat Sina Tirsia Wali),"346 Main St.,Danbury ",06810,Connecticut,[203] 7912116,null,null,school,Kali
Cinco Teros Baguio Arnis/Silat (Stamford Center for Martial Arts),"100 Research Drive, 2nd Floor, Stamford",09606,Connecticut,null,www.cincoteros.com,null@null.com,School,"Escrima  
/ Arnis"
Connecticut Modern Arnis Jujitsu,"871F Newfield St., Middletown ",06457,Connecticut,[860] 6328188,null,null,school,Arnis
Cromwell Martial Arts,"871F Newfield St., Middletown ",06457,Connecticut,[860] 6328188,null,null,school,
Karate America,"268 Greenwood Ave., Bethel",06801,Connecticut,203-792-1050,http://www.karateamericabethel.com,null@null.com,School,
Lion Survival Defense System,"194 Bridgeport Ave., Milford ",06460,Connecticut,[203] 5573312,null,null,school,
Practical Self Defense Training Center,"2148 South Main St., Waterbury ",05706,Connecticut,[203] 5969073,null,null,school,
Practical Self Defense Training Center,"847 Hamilton Ave (Rt 69)., Waterbury",06706,Connecticut,203-596-9073,http://www.psdtc.com or http://www.TraditionalFilipinoWeapons.com,info@psdtc.com,School,
Stamford Center for Martial Arts,"100 Research Dr., Stamford ",06906,Connecticut,[203] 5709040,null,null,school,
Swift Waters MMA,"25 Meadow St., Willimantic ",06226,Connecticut,[860] 3197238,null,null,school,
Dauntless Practical Martial Arts,"250 Stadium Street, Suite 100, Smyrna 19977644 Plaza Drive, Newark ",19702,Delaware,[302] 7433115,null,null,school,
Sachetti's Martial Arts," Four Seasons Plaza, Rt. 896, Newark 19702",null,Delaware,[302] 2243057,null,null,school,
Amelia Island Derobio Escrima,"330st 8th St., Fernandina Beach,",32034,Florida,904-556-9397,null,peck.logan@yahoo.com,School,Escrima
American TKA Martial Arts,"8604 State Rd. 84, Davie",33324,Florida,null,null,"e,ail@null.com",School,
Arnis Karate,"1479 Belcher Rd. S, Largo, Florida",null,Florida,[727] 5353574,null,null,school,Arnis
Authentic Jeet Kune Do Academy,"6635 M.L.K. st. N., Saint Petersburg ",33702,Florida,[727] 5772108,null,null,school,
Authentic Jeet Kune Do Academy - Kali/JKD/Silat/PFS/Grappling,Largo,33773,Florida,(727)692-9628,www.AuthenticJKD.net,Authenticjkd@yahoo.com,School,
Central Florida Martial Art Academy,"8319 SW 61st Place, Gainesville ",32608,Florida,[352] 3288526,null,null,school,
Cross Martial Arts Training,"12780 51st Court North, West Palm Beach ",33411,Florida,[561] 5129707,null,null,school,
Cross Martial Arts training,West Palm Beach,null,Florida,561 512-9707,null,null@null.com,School,
CSSD Conceptual Tactical Arnis Presas Arnis,"3665 East Bay Dr. Suite 204233, Largo ",33771,Florida,[727] 3190550,null,null,school,Arnis
East Coast School of Self Defense,"21000 Boca Rio Rd., A20, Boca Raton ",33433,Florida,[561] 2185755,null,null,school,
Filipine Triad Arts Synthesis,"2129 N.E. 4th Ave., Cape Coral ",33909,Florida,[239] 6991993,null,null,school,
Filipino Combat Systems Headquarters,"812 N. Howard Ave., Tampa ",33606,Florida,null,null,null,school,
Filipino Kali Academy,"7352 West Atlantic Blvd., Margate ",33063,Florida,[954] 9730222,null,null,school,Kali
Filipino Kali Academy,2293 NE 164th St. North Miami Beach ,33160,Florida,[305] 9441114,null,null,school,Kali
Garimot Arnis Training (G.A.T ),"852 Saxon Blvd Suite 30, Orange City",null,Florida,[352] 3018229,null,null,school,Arnis
Haastyle Martial Arts Academy,"21000 Boca Rio Rd. Suite A20, Boca Raton ",33433,Florida,[561] 2185755,null,null,school,
Hybrid Martial Arts Academy,"12105 SW 129th Court #103, Miami .",33186,Florida,[786] 3856424,null,null,school,
Jeet Kune Do Institute,"1155 Charles Street, Unit 135, Longwood",32750,Florida,407-831-4243,jkdinstitute.com,sifumotter@jkdinstitute.com,School,
K.M.A. Martial Arts,"1013 Se Hollobrook Ct., Port St. Lucie",34952,Florida,null,www.KalayaanMartialArts.com,null@null.com,School,
Kombat Arts Institute ,"133 Flagship Dr., Lutz ",33549,Florida,[813] 2791940,null,null,school,
Luzviminda Arnis Kali Brotherhood,"5949 Caroline Dr., Wesley Chapel ",33544,Florida,[813] 9731620,null,null,school,Arnis / Kali
Majapai Derobio Arnis 63 Generals,"1897 Island Walk Way, Fernandina Beach ",32034,Florida,[904] 4151733,null,null,school,Arnis
Medina's Asian Fighting Arts,"1897 Island Walk Way, Fernandina Beach",32034,Florida,null,null,eamil@null.com,School,
Miami Arnis Group,"909 Alton Rd., Miami Beach ",33139,Florida,[305] 3010294,null,null,school,Arnis
Miami Arnis Group,Miami,null,Florida,(305)301-0294,www.miamiarnisgroup.com,null@null.com,School,Arnis
Miami STICKFIGHTER Club,"Varied Public Parks, Cutler Bay and Homestead (SW MiamiDade)",null,Florida,null,null,null,school,
Modern American Combatives Academy (LLC),"P.O. Box 653, Jupiter",33468,Florida,561-310-9994,www.modernamericancombatives.com,null@null.com,School,
NATO'S Martial Arts,"14447 Miramar Parkway, Miramar",null,Florida,null,null,null@null.com,School,
Orlando,"4609 W. Ponkan Rd., Apopka ",32712,Florida,null,null,null,school,
Orlando Balintawak Club,"317 E Washington St Unit D., Minneola ",34715,Florida,[850] 3251111,null,null,school,
P. A. E. T. E. (Garimot System USA),"1240 NW 92 Ave., Pembroke Pines ",33024,Florida,[954] 4324433,null,null,school,
Pambuan Arnis of Sarasota,"2203 Pinehurst St., Sarasota ",34231,Florida,[941] 7806013,null,null,school,Arnis
Pambuan Arnis of Sarasota,"2203 Pinehurst St., Sarasota",34231,Florida,(941) 780-6013,http://pambuanarnis.com,sburley9@verizon.net,School,
Philippine Martial Art Society,"Box 210642, Royal Palm Beach ",33421,Florida,[561] 6979162,null,null,school,
Shin Wellness,"4500 Biscayne Blvd., Suite 202, Miami ",33137,Florida,[305] 5719090,null,null,school,
Smileys Combat Athletix,"3600 Peoria Road #202/203, Orange Park ",32065,Florida,[904] 6447571,null,null,school,
Tabimina Balintawak,"South East, Santa Rosa Beach ",32459,Florida,[850] 6355334,null,null,school,
Tampa 33606,,null,Florida,null,null,null,school,
Tampa Kali,"5705 N. Nebraska Ave., Tampa and St. Petersburg ",33604,Florida,[813] 4548743,null,null,school,Kali
Traditional Martial Arts,"2220 Hempel Ave., Gotha ",34734,Florida,[407] 2908049,null,null,school,
"Train4Combat, LLC","7029-11 Commonwealth Ave., Jacksonville",32220,Florida,null,train4combat.com,null@null.com,School,
Unified Martial Art Academy,"12580 SW 88th St., Miami ",33186,Florida,[305] 5952892,null,null,school,
Warrior Arts,"11764 Marco Beach Drive Suite #2, Jacksonville",32224,Florida,904.645.7000,www.WarriorArtsAcademy.com,null@null.com,School,
Warrior Arts Academy,"11764 Marco Beach Drive # 2, Jacksonville ",32224,Florida,[904] 6457000,null,null,school,
World Kali Silat Society,"3950 Ironwood Cr., Bradenton ",34209,Florida,[917] 5355254,null,null,school,Kali
Yaro's Arnis Karate,"1240 S.Highland Ave., Clearwater ",33756,Florida,[727] 6413843,null,null,school,Arnis
AKJ Karate,"3565 GA HWY 20 South, Suite B, Conyers ",30013,Georgia,[770] 8609304,null,null,school,
American Karate Productions,"2241 Idlewood Road, Tucker ",30084,Georgia,[770] 4938970,null,null,school,
Atlanta Filipino Martial Arts,"1284 West Spring Street, Smyrna ",30080,Georgia,[770] 3198662,null,null,school,
Atlanta Martial Arts Club,Roswell ,30076,Georgia,[770] 873 2234,null,null,club,
Battlefield Kali,"4348 Waialae Avenue # 128, Honolulu ",96816,Georgia,null,null,null,school,Kali
DUNGEON BOXING,"11505 Brown Bridge Rd., Covington",30016,Georgia,770-788-0680,www.galiusmartialarts.com,ilacgalius@yahoo.com / galiusmartialarts@gmail.com,School,
Fayette Academy of Martial Arts,"931 Glynn St., Fayetteville ",30214,Georgia,null,null,null,school,
Garimot Arnis Training of Georgia,"39 Smith St Suite B, Fairburn",null,Georgia,(770) 284-1428,http://garimot.com/,null@null.com,School,Arnis
INDEPENDENT MMA,"235 McDonough Pkwy, McDonough",30253,Georgia,(678) 432-9005,www.galiusmartialarts.com,ilacgalius@yahoo.com / galiusmartialarts@gmail.com,School,
J.P. Moseley Recreation Center,"1041 Millers Mill Road, Stockbridge",30281,Georgia,(770) 288-7311,www.galiusmartialarts.com,ilacgalius@yahoo.com / galiusmartialarts@gmail.com,School,
Living Waters Martial Arts,"4075 Macland Road, Powder Springs",30127,Georgia,770.314.0840,www.livingwatersma.com,null@null.com,School,
Locust Grove Karate,"91 Pine Grove Rd, Locust Grove",30248,Georgia,(678) 561-4099,www.galiusmartialarts.com,ilacgalius@yahoo.com / galiusmartialarts@gmail.com,School,
Medina's Asian Fighting Arts,"100 W Church St, St. Mary's",31558,Georgia,null,null,null@null.com,School,
"VAGABOND MARTIAL ARTS SOCIETY, Georgia-USA (@ DUNGEON BOXING gym)","11505 Brown Bridge Rd., Covington",30016,Georgia,770-788-0680,http://www.freewebs.com/vagabondarts/,ilacgalius@yahoo.com / galiusmartialarts@gmail.com,School,
"VAGABOND MARTIAL ARTS SOCIETY, Georgia-USA (@ J.P. Moseley Recreation Center)","1041 Millers Mill Road, Stockbridge",30281,Georgia,(770) 288-7311,http://www.freewebs.com/vagabondarts/,ilacgalius@yahoo.com / galiusmartialarts@gmail.com,School,
Bandalan Doce Pares,Honolulu,null,Hawaii,[808] 8641620 ,null,null,school,
Battlefield Kali,"4348 Waialae Avenue # 128, Honolulu ",96816,Hawaii,[808] 8641620,null,null,school,
Delmar School Fil/Mar/Arts,"87126 Kulahanai PL., Waianae ",96792,Hawaii,[808] 2242551,null,null,school,
Fonseca KenpoJujitsu,"911081 Kahalepouli St., Kapolei ",96707,Hawaii,[808] 7232792,null,null,school,
General Ablen's School of Derobio Escrima,"1519 Kalaepa'a Dr., Honolulu ",96817,Hawaii,[808] 6209056,null,null,school,Escrima
Integrated Training Concepts,"P.O. Box 12104, Lahaina ",96761,Hawaii,[808] 7813302,null,null,school,
Molokai Martial Arts,"PO Box 1715, Kaunakakai ",96748,Hawaii,[808] 2163211,null,null,school,
Ola'aNalo Eskrima,"Old Stadium Park, Honolulu",null,Hawaii,[808] 2645212,null,null,school,Eskrima
Ola'a-nalo Eskrima Jungle Style,Waimanalo,null,Hawaii,null,www.olaa-naloeskrima.com,null@null.com,School,Eskrima
Pacific Eskrima Academy (Tacosa Cadena Eskrima),"P.O. Box 2212 Kea'au, Hilo ",96749,Hawaii,null,null,null,school,Eskrima
Pedoy's School of Escrima,"94529 Uke`e St. #103, Waipahu ",96797,Hawaii,[209] 3213586,null,null,school,Escrima
Protect Yourself Academy Martial Arts,"Honolulu,",null,Hawaii,(702) 340-3308,http://ProtectYourselfAcademy.com / http://facebook.com/protectyourselfacademy,null@null.com,School,
The Fighting Edge,Honolulu ,96818,Hawaii,[808] 3360936,null,null,school,
Idaho Heartland School of Eskrima & Self Defense,"31149 N. Hayden Dr., Spirit Lake ",null,Idaho,null,null,null,school,Escrima
Amalgam Martial Academy,"456 W. 75th St., Downers Grove ",60516,Illinois,[331] 7775236,null,null,school,
Armas De Mano Filipino Arts Academy,"9227 Gulfstream rd, Unit A, Frankfort",60423,Illinois,(708) 646-1006,null,null@null.com,School,
Balanced Dynamics Academy,"1300 East B St., #2, Belleville ",62221,Illinois,[618] 5308761,null,null,school,
Bandalan Doce Pares," 331 Tiverton Lane, Steger ",60475,Illinois,[708] 7567240,null,null,school,
DBFMA Modern Arnis,"605 E. Ogden Ave., Naperville ",60563,Illinois,[630] 4478286,null,null,school,Arnis
Defensive Combat Initiatives,"PO Box 29, Millstadt ",62260,Illinois,[618] 9793558,null,null,school,
Defensive Combat Initiatives,"PO Box 29, Millstadt",62260,Illinois,618-979-3558,www.defensivecombat.com,admin@defensivecombat.com,School,
Defensor Method Elgin,"1080 E, Chicago St., Elgin ",60120,Illinois,[847] 8737907,null,null,school,
Eagle & Dragon Martial Arts Academy,"2331a Old Collinsville Rd., Belleville ",62221,Illinois,[618] 2222888,null,null,school,
Elite Martial Arts & Fitness," 4001 Golf Rd., Skokie ",60076,Illinois,[847] 3290291,null,null,school,
Extreme Kung Fu/Wu Shu Training Center,"6525 N. Clark St., Chicago ",null,Illinois,[773] 7196488,null,null,school,
Filipino Kali / Eskrima Academy of Chicago,"4357 N. Lincoln Ave., Chicago ",60618,Illinois,[847] 2393990,null,null,school,Kali / Eskrima
JKDConcepts/Kali/Silat of Bloomington,"602 S Main St, Bloomington ",61701,Illinois,[309] 3107626,null,null,school,Kali
Kali Combat Academy, Chicago ,60088,Illinois,[847] 9897847,null,null,school,
Kennedy's Martial Arts Academy,"1199 Biesterfield Road, Elk Grove Village ",60007,Illinois,[847] 8918731,null,null,school,
Midway Kodenkan,"5159 Archer Ave., Chicago ",60632,Illinois,[773] 2848818,null,null,school,
RFA Martial Academy,"1212 Capitol Dr., Addison ",60101,Illinois,[224] 6596984,null,null,school,
Temujin 2 (Lucaylucay Kali/JKD Association),"611 N Orchard, West Frankfort ",62896,Illinois,[618] 8890647,null,null,school,Kali
"The Defensor Method, Filipino Kali-Eskrima Academy of Chicago",Address Chicago,null,Illinois,847-239-3990,http://www.defensormethod.com/,guronate@sbcglobal.net,School,Kali / Eskrima
Windy City Pekiti-Tirsia Kali (3 Locations)," 1214-3 Capitol Dr., Addison",60101,Illinois,224-659-6984,http://www.windycityptk.com/,windycityptk@gmail.com,School,Kali
Windy City Pekiti-Tirsia Kali (3 Locations),"7004 Huntley Rd., Carpentersville",60110,Illinois,224-659-6984,http://www.windycityptk.com/,windycityptk@gmail.com,School,Kali
Windy City Pekiti-Tirsia Kali (3 Locations)," 823 Emerson, Evanston",60201,Illinois,224-659-6984,http://www.windycityptk.com/,windycityptk@gmail.com,School,Kali
World Martial Arts Academy USA,"316 Anderson Blvd., Geneva ",60134,Illinois,[630] 4020033,null,null,school,
World Martial Arts Academy USA,"316 Anderson Blvd, Geneva",60134,Illinois,630-402-0033,www.WorldMartialArtsUSA.com / www.facebook.com/WorldMartialArtsUSA,info@WorldMartialArtsUSA.com,School,
"World Serrada Escrima Federation, Headhunter Sports, Forteza Fitness and Martial Arts","4437 North Ravenswood Ave., Chicago",60640,Illinois,null,www.meetup.com/Headhunter-Sports-Filipino-Martial-Arts,null@null.com,School,Escrima
Xtreme Training Academy,1292 Humbracht Circle Unit E.. Bartlett ,60103,Illinois,[630] 7800054,null,null,school,
Indy Arnis Club,"7141 Southeastern Ave., Indianapolis ",46239,Indiana,null,null,null,school,Arnis
Parris Martial Arts Academy,"Fort Wayne,",null,Indiana,null,null,null@null.com,School,
Wetoskey Academy of Martial Arts,"4127-U.S. Hwy. 6, Waterloo",46793,Indiana,260-837-7454,www.wetoskey.com,wetoskey@hotmail.com,School,
Midwest Martial Arts Group,"3104 Eads St., Davenport ",52802,Iowa,[563] 4997561,null,null,school,
Academy of Martial Arts,"401 N. Madison St., Spring Hill ",66083,Kansas,[913] 6081515,www.theacademyofma.com,Dan@theacademyofma.com,school,
Malay Fighting Arts Academy,"856 East 167th Court, Gardner ",66030,Kansas,[913] 6264372,null,null,school,
Malay Fighting Arts Academy,"Gardner,",null,Kansas ,913-626-4372,www.pukulan.net,null@null.com,School,
AFS Academy of Martial Arts," 427 Big Hill Ave., Richmond ",40475,Kentucky,[859] 6238023,null,null,school,
Roninkan,Highgrove ,40013,Kentucky,null,null,null,school,
"Smith Martial Arts Center, Hock Hochheim's Pacific Archipelago Combatives System, Mr. Duran Sheets",2987 North Bend Road Hebron,41048,Kentucky,null,www.smacfit365.com,sheetd01@gmail.com,School,
Tactical Combative Kali,,40475,Kentucky,[859] 6262476,null,null,school,Kali
USA Philippine Jendo Association," 702 Hickory Ridge Circle, Hopkinsville ",42240,Kentucky,[270] 3051869,null,null,school,
Element of Surprise FMA,"22 Alvin Dr., Pineville ",71360,Louisiana,[318] 7304636,null,null,school,
Progressive Martial Arts Training Center,"910 E. Main St., Suite 31, New Iberia ",70560,Louisiana,[337] 2011791,null,null,school,
"Classic Escrima, Ronald A. Harris, Ph.D., Chief Instructor","244 Arian Lane, Covington, ",70433,Louisiana ,985-249-0801,null,ruow@yahoo.com,School,Escrima
Apolo's Karate (Pekiti Tirisa Kali System),"750 Maryland Route 3South, Gambrills ",21054,Maryland,[410] 9235222,null,null,school,
Black Tiger Martial Arts Academy,"6901 Security Blvd. # 2038, Windsor Mill ",21244,Maryland,[443] 5403672,null,null,school,
DC Kali,"916 G Street, NW., Washington",null,Maryland,null,null,null,school,
Gentle East Martial Arts,"8749 Flower Ave, Takoma , Silver Spring ",20910,Maryland,(301) 7688401,null,null,school,
Hebb Institute of Martial Arts,"Park Rd., Williamsport ",21795,Maryland,[301] 2237719,null,null,school,
Pekiti Tirsia Kali DC/MD/VA,"Benfield Sportscenter, 1031 Benfield Blvd., Millersville ",21108,Maryland,[443] 3029613,null,null,school,
Pinakatay Arnis Sigidas,"949 Bonifant Ave., Silver Spring ",20910,Maryland,[301] 7688401,null,null,school,Arnis
School Of Ahati,"11225 Oak Leaf Dr., Silver Spring ",20901,Maryland,[301] 5370028,null,null,school,
World Nickelstick Balintawak Escrima Maryland, Towson ,21286,Maryland,[443] 7630420,null,null,school,Escrima
YawYan Fervilleon Martial Arts US HQ,"601 Dover Rd, Suite 12, Rockville ",20850,Maryland,[855] 8929926,null,null,school,
"Lumad Sigbin Kali – FMA, Cebu-Visayan Wedo Corto-Close Quarter Combat","HoneyGo Run Regional Recreation Center, 9033 Honeygo Blvd, Perry Hall",21128,Maryland ,443-825-0259,null,null@null.com,School,
Nickelstick Balintawak Eskrima,"Baltimore,",null,Maryland ,443-763-0420,null,innercourt@gmail.com,School,Eskrima
Pekiti Tirsia Kali DC/MD/VA,"Benfield Sports center, 1031 Benfield Blvd., Millersville",21108,Maryland ,443-302-9613,ptk-kdp.com,ptk.kdp@gmail.com,School,Kali
Pekiti Tirsia Kali DC/MD/VA,"7408 Livingston Rd., Suite 2D (2nd flr), Oxon Hill",20745,Maryland ,443-302-9613,ptk-kdp.com,null@ptk-kdp.com,School,Kali
"Pekiti Tirsia Kali, Tiger Paw","113 Beacon Road, Middle River",21220,Maryland ,null,null,null@null.com,School,
"Pekiti Tirsia Kali, Victory Martial Arts","6590-5A Old Waterloo Road, Lark Brown Shopping Center, Elkridge",21075,Maryland ,410.799.5566,null,null@null.com,School,
Anderson Kali,"44 South St. (American Legion, Post217), Plainville ",02761,Massachusetts,508-838-0056,www.Anderson-Kali.com,null,school,
Boston Arnis Club,Boston ,null,Massachusetts,[603] 5293564,null,null,Club,Arnis
Catanese Kajukenbo ETS method,"950 East Falmouth Highway, Falmouth ",02563,Massachusetts,[617] 7022220 ,null,null,school,
CSE Boston (Combat Serrada Escrima) ,"600 Columbia Rd., #26, Dorchester ",02125,Massachusetts,[617] 8690516,null,null,school,Escrima
Dragon Within Martial Arts,"26 Howley St., Peabody ",01970,Massachusetts,[978] 5318511,null,null,school,
Jou Fang Chuan Nine Anle Fist,"50 North Beacon St., Boston ",02134,Massachusetts,[617] 6809981 ,null,null,school,
Martial Arts Research Institute,"53 Mason St. Suite 201, Salem ",01970,Massachusetts,[978] 7770586,null,null,school,
Methuen,,01844,Massachusetts,[978] 7716653,null,null,school,
Pence Self Defense,"226 Cambridge St., Burlington ",01803,Massachusetts,[877] 527 2838,null,null,school,
Phoenix Martial Arts of Massachusetts,"54 Sumner St., Milford ",01757,Massachusetts,[516] 3534923,null,null,school,
SEAFA," 375 Foundry St., Easton",null,Massachusetts,[508] 8898414,null,null,school,
Universal Grapping Arts,Malden ,02148,Massachusetts,null,null,null,school,
White Leopard Sikaran,"540 Main St., Athol ",01331,Massachusetts,[978] 2496328,null,null,school,
Attributive Martial Arts Inc.,"697 Princess Dr., Canton ",48188,Michigan,[734] 9811774,null,null,school,
"Attributive Martial Arts, Inc.","697 Princess Dr., Canton",48188,Michigan,(734) 981-1774,www.AttributiveMartialArts.com,amarts@sbcglobal.net,School,
Grand Rapids Kali Club,"401 Hall St. #59 Suite B-148, Grand Rapids",49503,Michigan,616-272-2556,www.grkali.com,null@null.com,School,Kali
Instinctive Response Training,"200 West Center, Alma ",48801,Michigan,[989] 5608004,null,null,school,
K.S.K. Martial Arts,"3712 Homewood, Lansing ",48910,Michigan,[517] 8539856,null,null,school,
K.S.K. Martial Arts,Lansing,null,Michigan,(517) 853-9856,www.TKENTNELSON.com,tk.martialarts@gmail.com,School,
King Tiger Martial Arts School (Sina Tirsia Wali Kali/Silat), Detroit ,48030,Michigan,[248] 5445657,null,null,school,Kali
Martial Arts Unlimited,"1060 West 14 Mile , Clawson, MI ",48017,Michigan,[248] 4354030,null,null,school,
Masters and Champions (Concepts in Motion),"6072 S. Saginaw St., Grand Blanc ",48439,Michigan,[810] 3483421,null,null,school,
Michigan Modern Arnis (A MARPPIO School),"11860 Wheaton Dr., Sterling Heights ",48313,Michigan,[586] 7390497,null,null,school,Arnis
Michigan Pekiti Tirsia Pitbulls,Detroit,null,Michigan,[248] 9817495,null,null,school,
Modern Arnis Connection,Lansing/East Lansing,null,Michigan,517-321-4638,www.modernarnisconnection.com,null@null.com,School,Arnis
Northern Martial Arts Academy,"6403 Cedar Run Rd, Traverse City",49684,Michigan,(231) 929-3795,null,null@null.com,School,
Progressive Kali Silat,"315 Larry Ln., Charlotte ",48813,Michigan,[517] 5412864,null,null,school,Kali
Pukulan Power Self Defense,"3330 W. Water St, Port Huron ",48060,Michigan,[810] 8410682,null,null,school,
Straight Lead Gym,Grand Rapids,null,Michigan, (616) 589-2288,null,straightleadgym@gmail.com,School,
The Academy Martial Arts and Fitness,"700 S. Poseyville Road, Midland",48640,Michigan,989-631-5960,theacademymartialartsandfitness.webs.com,null@null.com,School,
Zen Modern Arnis,Warren ,48091,Michigan,[586] 4848407,null,null,school,Arnis
Bahad Zubu Midwest Chapter,"2913 Lyndale Ave. S., Minneapolis ",55408,Minnesota,[612] 5677727,null,null,school,
Bahad Zubu Midwest Chapter,"655 Fairview Ave N, St Paul",55104,Minnesota,612-567-7727,www.bahadzubu.org / www.vikingcombat.com,null@null.com,School,
Innovative Fighting Arts," 87212 Oak Lake Rd South, Kerrick ",55756,Minnesota,[218] 4965890,null,null,school,
Minneapolis Kali Group,"532 Chicago Ave. S., Minneapolis ",55407,Minnesota,[612] 8216800,null,null,school,Kali
Minnesota Kali Group,"4532 Chicago Ave. S., Minneapolis",55407,Minnesota,612-821-6100,http://www.mnkali.com,null@null.com,School,Kali
Minnesota Martial Arts Academy,"1916 57th Avenue North, Brooklyn Center ",55430,Minnesota,[763] 5605696,null,null,school,
Philippine Combat Arts,"4930 MN169, New Hope ",55428,Minnesota,[612] 3274002,null,null,school,
Warrior's Cove,"3004 Texas Ave., Saint Louis Park ",55426,Minnesota,[612] 9788959,null,null,school,
Backyard Brotherhood Una Sa Laban,"4044 state route DD, Willow Springs ",65793,Missouri,[417] 2523441,null,null,school,
Combat Zone ,"2331 N. Pierce, Springfield ",65803,Missouri,[417] 8316840,null,null,school,
Dexter's Martial Arts Training Center," 1310 Grand Ave., Columbia ",65203,Missouri,[573] 6900041,null,null,school,
Garimot Arnis Saint Louis ,"Willmore Park, Hampton and Jamieson Ave., St. Louis ",63109,Missouri,null,null,null,school,Arnis
Saint Louis Counterpoint Martial Arts,"1072 Wolfrum Rd., St Charles ",63304,Missouri,null,null,null,school,
"The Warrior Academy, Agila Arnis","2213 west st, Excelsior Springs",64024,Missouri,816-630-9816,null,robertsmll@yahoo.com,School,Arnis
Billings Chi Tu Do,"1807 Grand Ave., Billings ",59102,Montana,null,null,null,school,
7th Direction School of Martial Arts / Treceham,"Box 216, Macy ",68039,Nevada,[402] 8465554,null,null,school,
"CDF Academies of Martial Arts, Kali/JKD Las Vegas Headquarters",Las Vegas,null,Nevada,1-855 KALIJKD,www.Richardlamoureaux.com,null@null.com,School,
CKI Jeet Kune Do & Filipino Combat Escrima International,"730 W. Sunset Blvd., Las Vegas",null,Nevada,[702] 2343189,null,null,school,Escrima
Creative Warrior Academy of Las Vegas,Las Vegas,null,Nevada,702-302-3926,null,null@null.com,School,
Filipino Mixed Martial Arts,"4331 W. Charleston Blvd, Las Vegas ",89131,Nevada,[702] 8718883,null,null,school,
Integrating Kali Combative Concepts (IKCC),"Carson River Dr., Dayton ",89403,Nevada,[419] 9134522,null,null,school,Kali
Las Vegas Kung Fu Academy,"11165 S. Eastern Ave. Ste. 110, Henderson ",89052,Nevada,[702] 3361095,null,null,school,
Tribal Advantage Systems International,"3155 W. Post Rd., Las Vegas 89118",null,Nevada,[702] 7853111,null,null,school,
Boston Arnis Club,"PO Box 171, Weare ",03281,New Hampshire,[603] 7593163,null,null,school,Arnis
Bujinkan Dojo,Manchester ,03101,New Hampshire,[603] 6683181,null,null,school,
Green Mountain Martial Arts (Latosa Escrima Dai Si Hing Dan Palow),"PO Box 806, Hanover",null,New Hampshire,[802] 3339104,null,null,school,Escrima
Guy Chase Academy,"1660 Greenland Rd., Greenland ",03060,New Hampshire,[978] 8538513,null,null,school,
SEAFA,"11 Tallwood Dr., Bow ",03303,New Hampshire,[603] 4960504,null,null,school,
Terry Dow's Academy of Martial Arts,"18 South Commercial St., Manchester ",03101,New Hampshire,[603] 5916546,null,null,school,
97 Main St.,"97 Main St., Woodbridge ",07095,New Jersey,null,null,null,school,
Alex Wilkie's Martial Arts Academy,"783 E. Main St., Bldg. 30E, Bridgewater ",08807,New Jersey,[732] 7481580,null,null,school,
Amara Arkanis Filipino Martial Arts Education,"#5 Scott St., Riverside ",08075,New Jersey,[609] 4563589,null,null,school,
Amerasian Defensive Arts Inc.,"2512 Elmwood Ave., Buffalo ",14217,New Jersey,[716] 4912716,http://www.amerasiandefensivearts.com/,null,school,
American Karate and Arnis Academy,"1703A Industrial Hwy., Cinnaminson ",08077,New Jersey,[856] 8294800,null,null,school,Arnis
Americas Finest Self Defense Academy,"976 Leggett Ave suite 1B, Bronx ",10455,New Jersey,[718] 7878699 ,null,null,school,
Anderson's Martial Arts,"394 Broadway, 3rd Floor, New York ",10013,New Jersey,[212] 766 – 6622,null,null,school,
Atienza Kali,Belleville,null,New Jersey,[201] 4635151,null,null,school,Kali
Atienza Kali,New York,null,New Jersey,[917] 5510603,null,null,school,Kali
Brentwood Self Defense Academy,"115 South 2nd Street, Suite #10, Brentwood ",11701,New Jersey,[631] 3989525,null,null,school,
Calla Karate and JuJutsu,"1293 Castleton Ave. (corner of clove rd.), Staten Islands ",10310,New Jersey,[718] 7202509 / [917] 4394969,null,null,school,
Doce Pares Multi-Style,Jersey City,07306,New Jersey,null,www.Eskrimador.Org,null@null.com,School,
Doce Pares Multi-Style,Livingston,07039,New Jersey,null,www.IMAFit.Com,null@null.com,School,
EBMAS NYC Latosa Escrima,"316 East 63rd St., New York ",10065,New Jersey,[855] 5532627,null,null,school,Escrima
Erie Community College (South Campus),"Principal Instructor/Adjunct Professor, 4041, Southwestern Blvd, Orchard Park ",14127,New Jersey,[716] 2702679,null,null,school,
Fil Am Kali and Silat of New Mexico,Rio Rancho ,87124,New Jersey,null,null,null,school,Kali
FMA Academy,"2792 Erie Blvd E., Syracuse ",13224,New Jersey,[315] 313KALI (5254),null,null,school,
FMA Kali Arnis Eskrima International,"475 Onderdonk Ave., Ridgewood, New York ",11385,New Jersey,[347] 3856771,null,null,school,Kali / Arnis / Eskrima
Horizon Martial Arts," 252 Center Rd., West Seneca ",14224,New Jersey,[716] 6750899,null,null,school,
Institute of Defensive Methods,"451 1st St., Hoboken ",07030,New Jersey,[201] 6830104,null,null,school,
Kapatid Martial Arts Academy,"175 Tompkins Ave., Pleasantville ",10570,New Jersey,[914] 7415550,null,null,school,
Kapatiran Mandirigma NYC,New York ,10003,New Jersey,null,null,null,school,
Klasi Kali 306 Gold St,New York ,10003,New Jersey,null,null,null,school,Kali
Klose Kombat Arts ,"10500 La Paz NW, Albuquerque ",87114,New Jersey,[505] 3794615,null,null,school,
Kuntaw Kali Kruzada,"65 Chestnut St., Red Bank ",07701,New Jersey,[201] 6746609,null,null,school,Kali
Kuntaw Kali Kruzada,"122 West 27th St. (2nd Flr.) (Between 6th & 7th Ave.), New York ",10001,New Jersey,[201] 6746609,null,null,school,Kali
Kuntaw Martial Arts (Kuntaw New York),"753 Flatbush Ave 2nd FL, Brooklyn ",11226,New Jersey,[347] 5850088,null,null,school,
Kwikstik Martial Arts,Jamaica ,11432,New Jersey,[718] 7393266,null,null,school,
Latosa Escrima at Fighthouse,"122 West 27 St. 2nd Floor , New York",10001,New Jersey,[646] 3697704,null,null,school,Escrima
Latosa Escrima NY,"316 7th St. (Corner of 5th Avenue 2nd Fl.), Brooklyn, (Park Slope) ",11215,New Jersey,[646] 3697704,null,null,school,Escrima
MFA Method of Modern Arnis,Neshanic Station,8852,New Jersey,732-735-6742,arnisfighter@verizon.net,null@null.com,School,Arnis
Modern Arnis Domog,"188 East 3rd. St. (Between Ave. A & B), New York ",10009,New Jersey,[212] 6143250,null,null,school,Arnis
Modern Fighting Arts Academy,"509 Hicksville Rd., Massapequa ",11758,New Jersey,[516] 8174374,null,null,school,
Modern Fighting Concepts,"307 White Horse Pike, Absecon",08201,New Jersey,(609) 646-2113,www.modernfightingconcepts.com,null@null.com,School,
Modern Fighting Concepts Academy,"307 White Horse Pike, Absecon ",08201,New Jersey,[609] 6462113,null,null,school,
Neo Tribe Kali,"122 West 27th Street, 2nd Floor, New York ",10001,New Jersey,[347] 2569291,null,null,school,Kali
New York Eskrima LLC,New York,null,New Jersey,[646] 2101542,null,null,school,Eskrima
Northeastern Martial Arts Institute,"Chili Paul Plaza, 3240 Chili Ave., Rochester ",14624,New Jersey,[585] 8897330,null,null,school,
Nubreed Martial Arts Academy,"1248 Clintonville St., Whitestone ",11357,New Jersey,[718] 7472550,null,null,school,
Olaanalo Eskrima New York,"3 Elm St,, Walden ",12586,New Jersey,[845] 7784402,null,null,school,Eskrima
Pami Kol Street Survival Self Defense,"2234 West Bangs Avenue, Neptune ",07753,New Jersey,[848] 2182646,null,null,school,
Pananandata Marinas 2 Worlds Dance + Fitness,"340 Wheatley Plaza, Greenvale ",11548,New Jersey,[516] 4846604,null,null,school,
Phoenix Martial Arts,"344 Jericho Turnpike, Floral Park ",11001,New Jersey,null,null,null,school,
PIMA Academy,"779 Bergen Avenue (Rm 111, 2nd Fl.) , Jersey City ",07306,New Jersey,[201] 4326441 / [201] 7925792,null,null,school,
Piscataway,,08854,New Jersey,[201] 8928015,null,null,school,
Progressive Martial Arts,"17525 Horace Harding Expy, Fresh Meadows ",11365,New Jersey,[718] 4610700,null,null,school,
Red Dragon Martial Arts Academy,"10 N.Arlington St., Manville ",08835,New Jersey,[908] 2530022,null,null,school,
Rising Phoenix Martial Arts,"Temple Hill Rd., New Windsor ",12553,New Jersey,[845] 7844359,null,null,school,
Rochester kali,Rochester ,14617,New Jersey,[585] 752 7827,null,null,school,kali
Rochester Kali,Rochester ,14617,New Jersey,[585] 752 7827,null,null,school,Kali
San Miguel Eskrima,"226 Laurel Road, East Northport ",11731,New Jersey,[631] 7487671,null,null,school,Eskrima
Sirat As Sayf MMA/FMA & Fitness Center,"13501 Liberty Ave., Richmond Hill ",11419,New Jersey,[646] 3977417,null,null,school,
South Jersey Tactical Fighting Arts,"1438 Backline Road, Folsom ",08037,New Jersey,[609] 2045733,null,null,school,
Tactics Martial Arts Studio,"1315 Hempstead Turnpike, Elmont ",11003,New Jersey,[559] 6975633,null,null,school,
Takai Mine Karate ,"1027 Juan Tabo NE, Albuquerque ",87111,New Jersey,[505] 2946302,null,null,school,
Tom Gallo Tactics Life Health & Fitness Club,"3711 35 Ave., Astoria ",11101,New Jersey,[559] 6975633,null,null,school,
Vee Arnis Jitsu School of Self Defense,"25 Park Place, 2nd Floor, New York ",10007,New Jersey,null,null,null,school,Arnis
Vee Do Kwan U.S.A.,"3944 24 St., Long Island City ",11101,New Jersey,[718] 3619569,null,null,school,
W.S.B.P. Eastern U.S. Chapter," 5291 Seneca Point Rd., Canandaigua ",14424,New Jersey,[585] 8203172,null,null,school,
Westchester Martial Arts Academy,"3 Sunnyside Terrace, Eastchester ",10709,New Jersey,[914] 9611800,null,null,school,
Westchester School of Arnis,White Plains,null,New Jersey,null,null,null,school,Arnis
Wing Chun Kali,Westchester County ,10710,New Jersey,[646] 6451141,null,null,school,Kali
World Kali Silat Society,"432 East 14 St. Box 638, New York ",10009,New Jersey,[212] 9791646,null,null,school,Kali
GENERAL FITNESS,"607 B OSUNA, NE, Albuquqerque, ",87113,New Mexico,null,null,null@null.com,School,
Takaimine Karate,"1027 Juan Tabo NE, Albuquerque",87111,New Mexico,(505) 294-6302,Takaiminekarate.com,null@null.com,School,
"Amerasian Defensive Arts, Palisutan Arnis","2512 Elmwood Ave., Kenmore",14217,New York,(716) 491-2716,http://www.amerasiandefensivearts.com/,null@null.com,School,Arnis
"Cabales Serrada Escrima New York, Westchester, Long Island and the 5 boros of NYC",Address New York,null,New York,null,null,CabalesSerradaEscimaNY@gmail.com,School,Escrima
Kapatiran Mandirigma NYC,Address New York,null,New York,null,www.kapatiran-mandirigma-NYC.com,kombatan.nyc@gmail.com,School,
Modern Fighting Arts Academy,"509 Hicksville Rd., Massapequa",11758,New York,(516) 817-4374,www.modernfightingartsacademy.com,null@null.com,School,
New York Fight Club school of JKD and Kali,"60 Welcher Ave, Peekskill",10566,New York,null,www.balancema.com,null@null.com,School,Kali
Progressive American Combatives,"150 North Main Street, Fairport",14450,New York,(585) 905-4488,www.pacejj.com,null@null.com,School,
Rising Phoenix Martial Arts,"153 Temple Hill Rd., New Windsor",12553,New York,845-784-4359,www.risingphoenixma.org,null@null.com,School,
"SIRAT AS-SAYF MORO KALI SYSTEM, Chief Instructor: NAJEE HASSAN","153-01 Jamaica Ave, Suite 501, Jamaica",11432,New York,null,www.siratulsaifinternational.com,info@siratulsaifinternational.com,School,KALI
Vital Point Martial Arts Academy,"5222 Transit Road, Depew",14043,New York,716.903.6704,http://vitalpointmartialarts.net/,null@null.com,School,
Westchester Martial Arts Academy,"3 Sunnyside Terrace, Eastchester",10709,New York,914-961-1800,www.westchestermartialartsclasses.com,null@null.com,School,
Counterpoint Tactical System,"182 Broadview Circle, Mooresville ",28117,North Carolina,[650] 2699726,null,null,school,
Fighting Edge,Fort Bragg ,28310,North Carolina,null,null,null,school,
Kuntaw Palace,"122 S. Goldsboro St., Wilson ",27893,North Carolina,[252] 2067900,null,null,school,
Pami Kol Street Survival Self Defense,"1612 Camden Rd. [Massey Hill Rec. Ctr], Fayetteville ",28306,North Carolina,[910] 4331569,null,null,school,
Stover's Martial Arts Academy,"3722 Carolina Beach Rd., Wilmington ",28412,North Carolina,[910] 7921762,null,null,school,
Sanano Karate Club / Trecehampas,"Box 386, North Dakota ",58530,North Dakota,[701] 7943399,null,null,school,
38131 Airport Parkway,"Unit 203, Willoughby, OH. ",44094,Ohio,[440] 2417450,null,null,school,
Academy of Filipino Martial Arts,"90 North Diamond St., Mansfield ",44906,Ohio,[419] 5572416,null,null,school,
Bob Yoder's Kung Fu and Kickboxing Academy,"2048 Sondra Ln., Grove City ",43123,Ohio,[614] 6495971,null,null,school,
Cincinnati Jeet Kune Do,"5116 CrookShank Rd., Cincinnati ",45238,Ohio,[513] 3647300,null,null,school,
Diversified Combat Arts and Sciences [Hikazelearningcorner],Wooster,null,Ohio,null,null,null,school,
HAMA Martial Arts,Parma,null,Ohio,[440] 6223684,null,null,school,
MAKTAN Filipino Martial Arts,"6875 Fountain Blvd. Suite K, Cincinnati ",45069,Ohio,[513] 2189042,null,null,school,
MAKTAN Martial Arts,Cincinnati,null,Ohio,null,www.MAKTAN.com,null@null.com,School,
Philippine Martial Arts Institute,"12613 State Rd, North Royalton ",44133,Ohio,[440] 2374138,null,null,school,
Serrada Eskrido Academy,"315 Kendal Ct. East, Amherst ",44001,Ohio,[440] 6106600,null,null,school,Eskrima
TAMA Martial Arts,"1753 Woodman Dr., Kettering ",45420,Ohio,[937] 2547035,null,null,school,
Adams Muay Thai Kali Academy,"6703 E. 81st. ST. Unit H, Tulsa ",74133,Oklahoma,[918] 4880707,null,null,school,Kali
MDT Martial Arts,Oklahoma City,null,Oklahoma,[405] 4208135,null,null,school,
Silent Warrior Arts,"8300 Glade Ave., Oklahoma City ",73132,Oklahoma,[405] 6265171,null,null,school,
Silent Warrior Arts,Oklahoma City/ Edmond,null,Oklahoma,405-367-9320,www.silentwarriorartsfederation.com,null@null.com,School,
Tulsa Martial Arts,"5123 S. 110th East Ave., Tulsa ",74146,Oklahoma,[918] 2610160,null,null,school,
A.P.I. International Combat Arts ,"12239 SE Stark St., Portland ",97233,Oregon,[503] 2874265,null,null,school,
Dan Anderson Karate School and Modern Arnis,"311 NE Roberts St., Gresham ",97030,Oregon,[503] 6658596,null,null,school,Arnis
Ernie Reyes' World Martial Arts," 3075 SW 234th Ave Suite 103, Hillsboro ",97123,Oregon,[503] 6421500,null,null,school,
Escrima Arnis Kali San Soo Oregon,"P.O. Box 3412, Ashland ",97520,Oregon,null,null,null,school,Escrima / Arnis / Kali
Eskabo Da’an,"5040 SE Milwaukie Ave., Portland ",97215,Oregon,[503] 3819145,null,null,school,
Kombatan Martial Arts Academy,"15875 SE 114 Ave. Suite O, Clackamas ",97015,Oregon,[503] 6573408,null,null,school,
Makoa Combatives Group,"3137 SW Primrose street #8, Portland ",97219,Oregon,[971] 5064610,null,null,school,
Northwest Fighting Arts,"1200 SE Morrison, Portland ",97214,Oregon,[503] 7402666,null,null,school,
Taodragon Martial Arts,"PO Box 11157, Eugene ",97440,Oregon,[541] 6831271,null,null,school,
Cebu West,"Unity and Sutton Ave., Folsom ",19033,Pennsylvania,[610] 3069308,null,null,school,
Kiski Martial Arts,"1155 Wildlife Lodge Rd, Lower Burrell ",15068,Pennsylvania,[724] 3345868,null,null,school,
Kuntao Martial Arts Club,"Franklin Commons, 400 Franklin Ave. Suite 245, Phoenixville ",19460,Pennsylvania,[610] 2373902 ext. 803,null,null,school,
Lathen Martial Arts," 257 West Riverview Ave., Pittsburgh ",15202,Pennsylvania,[412] 7345254 (kali),null,null,school,
Pennsylvania Pinakatay Arnis,"Forest Hills, Pittsburgh ",15221,Pennsylvania,[412]7797738,null,null,school,Arnis
PTKPA 342 Pottstown Pike,Exton ,19341,Pennsylvania,[610] 6399041,null,null,school,
Ryer Martial Arts Academy,"5440 Centre Ave., Pittsburgh ",15232,Pennsylvania,[412] 6217937,null,null,school,
Senkotiros,"499 Spruce St., St Marys, PA ",15857,Pennsylvania,(814) 5125001,null,null,school,
State College Martial Arts Academy,"412 W. College Ave., State College ",16801,Pennsylvania,[814] 2351015,null,null,school,
Three Rivers Eskrima Concepts,"529 8th St., Ambridge ",15003,Pennsylvania,[724] 6501019,null,null,school,Eskrima
TriState Martial Arts Academy,"670 Woodbourne, Rd. Suite 300, Langhorne ",19047,Pennsylvania,[215] 7417041,null,null,school,
Warren School of Self Defense,"200 Liberty St., Warren ",16365,Pennsylvania,[814] 6889707,null,null,school,
Ryer Martial Arts Academy,"5440 Centre Avenue, Pittsburgh,",15232,Pensilvania,412-621-7937,www.ryeracademy.com,info@ryeracademy.com,School,
Three Rivers Eskrima Concepts,Pittsburgh,null,Pensilvania,(724)650-1019,www.inayanpgh.com,TREC.walls@gmail.com,School,Eskrima
Filipino Combative Arts Academy,"33 Shadey lea Rd., North Kingston ",02852,Rhode Island,null,null,null,school,
Filipino Combative Arts Academy,"33 Shady Lea Rd, North Kingstown",02852,Rhode Island,null,null,null@null.com,School,
"Petronelli's Te Combat Kuntao Ju Jitsu (tm), Soke Richard Petronelli","1117 Douglas Ave, North Providence",02904,Rhode Island,401-474-1155,www.PetronellisJuJitsu.com,PBLavallee@gmail.com,School,
"Petronelli's Te Combat Kuntao Ju Jitsu (tm), Soke Richard Petronelli"," 970 Douglas Pike, Smithfield",02917,Rhode Island, 401-474-1155,www.PetronellisJuJitsu.com,PBLavallee@gmail.com,School,
Filipino Combative Arts Academy,"33 Shadey lea Rd., North Kingston ",02852,South Carolina,[843] 4973691,null,null,school,
Ocean Martial Arts Academy,"407 79th Ave, N., Myrtle Beach ",29572,South Dakota,[605] 3482639,null,null,school,
"Makilas Pekiti Tersia Kali, Gurus Rich and Eddie",Address,null,state,(561) 342-1327,null,info@trainkali.com,School,
Midwest United Martial Arts,Address,null,State,null,www.MidwestUnitedMartialArts.com,info@midwestunitedmartialarts.com,School,
TAMA Warrior Arts,Address,null,State,null,http://tamawarriorarts.com/,null@null.com,School,
Inayan Martial Arts Academy,"30050 Axley Chapel, Greenback ",37742,Tennessee,null,null,null,school,
Malmo Martial Arts,Northwest Arkansas & Memphis,null,Tennessee,(479) 640-4455,http://malmomartialarts.com,null@anull.com,School,
Sanano Karate Club,"1019 Farlow Ave., Rapid City ",57701,Tennessee,[423] 3336132,null,null,school,
Academy of Modern Martial Arts,"2501 Texas Ave., College Station",null,Texas,[979] 2554311,null,null,school,
Carrollton Martial Arts,"3733 N. Josey Ln., #108B, Carrollton ",75007,Texas,[972] 3952589,null,null,school,
Cedar Hill Martial Arts Center,"310 E. Parkerville Rd., Cedar Hill ",75104,Texas,[972] 2932504,null,null,school,
Central Texas Academy of Martial Arts," 1304 West Hopkings, San Marcos ",78666,Texas,[512] 3931360,null,null,school,
Crows Martial Arts Academy,"2132 College Ave. Suite 600, Carrollton ",75006,Texas,[972] 4460024,null,null,school,
DAMAGINC Kali Combatives,Houston ,77377,Texas,null,null,null,school,
Dragon Flower Boxing,"Midland,",null,Texas,(432) 425-7217,null,chimatjan@aol.com,School,
Fighting Method University,"4840 Hwy 377 South, Fort Worth ",76108,Texas,[817] 9388888,null,null,school,
Fighting Method University,"3502 Williams Road, Fort Worth",76116,Texas,817-938-8888,http://fightingmethod.com,null@null.com,School,
Filipino American School of Combat Arts,"10304 Dyer St., El Paso ",79924,Texas,[915] 8219310,null,null,school,
Garland Martial Arts Center ,"2510 Crosslands Dr., Garland ",75040,Texas,(214) 7976202,null,null,school,
Hidden Sword Martial Arts,"501 Roanoke Rd (Roanoke Recreation Center), Roanoke ",76262,Texas,[682] 5647078,null,null,school,
Hidden Sword Martial Arts,"Roanoke Recreation Center, Roanoke",76262,Texas,null,null,hiddenswordma@yahoo.com,School,
Houston Martial Arts Academy,"(inside the Downtown Club at Houston Center), Houston ",77010,Texas,[713] 5506575,null,null,school,
Imua Tamaraw Escrima Kuntaw,"2324 Goilad Rd., San Antonio ",78223,Texas,[210] 3179463,null,null,school,Escrima
K3Lightning' (LSAI/LESKAS),Richmond ,77469,Texas,null,null,null,school,
Kali San Antonio,San Antonio,null,Texas,[210] 7970149 ,null,null,school,Kali
Kali San Antonio,Address,null,Texas,210-797-0179,null,marismarsh@netzero.com,School,Kali
Kali Silat Combat Science ,"104 Eagle Ave., Sheppard AFB ",76311,Texas,[940] 6424112 ,null,null,school,Kali
"Katipunan Kali Arts, Moro Silat, and Kamay-Hilot",Denton & Garland,null,Texas,"940-453-0030 
/ 469-471-8286",cebukali.com,cebukali@yahoo.com,School,Kali
Mano De Guerra Escrima ,"1150 D. Richardine, Austin ",78721,Texas,[512] 902 1228 / [512] 926 7 050,null,null,school,
Mid Cities Arnis,"NRH Centre, 6000 Hawk Ave., North Richland Hills ",76182,Texas,[682] 2077523,null,null,school,Arnis
Mousel's Self Defense Academy," 747 N. Shepherd, Suite 400, Houston ",77007,Texas,null,null,null,school,
PKA: Philippine Kali Association (Katipunan),"642 W. University Ave 152, Denton ",76201,Texas,[940] 4530030,null,null,school,Kali
Plano Self Defense,"1947 Ave K. Suite 200, Plano ",75075,Texas,[972] 6333773 ,null,null,school,
"Practical Defense Tactics (PDT), Guro  Mike Keller","P.O.Box 88, Sweetwater",79556,Texas,null,null,mrkeller@suddenlink.net,School,
Practical Defensive Tactics,"512 W. Broadway, Sweetwater ",79556,Texas,[325] 7253188 ,null,null,school,
Reid's Martial Arts Academy,"1434 N. Central Expressway Suite 109, McKinney ",75070,Texas,[972] 5482467,null,null,school,
Rister International Martial arts,"1119 Luke St. #113, Irving",75061,Texas,(972)-768-2721,www.ristermartialarts.com,null@null.com,School,
San Angelo Siete Pares,San Angelo,null,Texas,325-276-1329,Wnull,null@null.com,School,
Serrada Escrima of San Antonio,"San Pedro Park, San Antonio ",78201,Texas,null,null,null,school,Escrima
Siete Pares Escrima,San Antonio,null,Texas,[210] 3671877,null,null,school,Escrima
"Siete Pares Escrima, The Dojo Martial Arte School","6151 Nw Loop 410, Ste 100, San Antonio",null,Texas,210-367-1877,null,null@null.com,School,Escrima
"Street Smart Self-Defense Systems, Austin *Kyle/Buda*",New Braunfels,null,Texas,null,http://www.garimottx.com/,null@null.com,School,
U.S. Karate Systems,"505 W University Ave, Suite E, Georgetown ",78626,Texas,[512] 8692615,null,null,school,
Warrior's Way,"4020 Rhea Rd Ste 7C, Wichita Falls",76308,Texas,(940) 696-1254,http://warriorswaytx.com,null@null.com,School,
Warrior's Way Martial Arts Academy,"4020 Rhea Rd Ste 7c, Wichita Falls ",76308,Texas,[940] 6961254,null,null,school,
Wing Chun Kali System,"6982 Farm to Market 1960, Suite F Houston",77096,Texas,281-796-5296,http://wingchunkalisystem.com/,ramon@wingchunkalisystem.com,School,
Wu Hsin Kuen Academy of Martial Arts,"3909 W. Airport Freeway #200, Irving",null,Texas,[972] 7682721,null,null,school,
Hawaiian Kali Kempo (Concrete Kali System),Cedar City,84721,Utah,(435) 559-2425,null,null@null.com,School,Kali
Cielo y Tierra Arnis de Mano ,"2023 Candlelight Dr., Chesapeake ",23325,Virginia,[757] 424 7634,null,null,school,Arnis
Complete Fitness Concepts,"4425 Brookfiled Corp. Dr., Chantilly ",20151,Virginia,[703] 2838826,null,null,school,
Eastern Academy of Mixed Martial Arts,"3900 Bonney Road Suite 213, Virginia Beach ",23452,Virginia,[757] 4865200,null,null,school,
Filipino Fighting Arts Academy,"5347 Lila Lane, Suite 110, Virginia Beach ",23464,Virginia,[757] 4247005,null,null,school,
Impact Athletes Martial Arts Academy,"2421 Bowland Parkway, Suite 103, Virginia Beach ",23454,Virginia,[757] 6311003,null,null,school,
Muhammad's Boxing and Martial Arts," 10208/Kings Highway, King George ",22485,Virginia,[540] 7757555,null,null,school,
NoVa Modern Arnis,"8717 Trafalgar Ct., Springfield ",22151,Virginia,[571] 2399930,null,null,school,Arnis
World Kali Silat Society,"2400 Atlantic Ave. # 121, Virginia Beach ",23458,Virginia,[757] 3735060,null,null,school,Kali
Bellingham Modern Arnis,"1420 Pacific Place, Suite B, Ferndale,",98248,Washington,[360] 2240232,null,null,school,
Bird's Martial Arts," 5775 Soundview Dr,, Suite 101 A., Gig Harbor ",98335,Washington,[253] 8847914,null,null,school,
Blackbird Training Group,Kennewick,null,Washington,[206] 6123044,null,null,school,
Edmonds Martial Arts Academy,Renton ,98059,Washington,[425] 4304269,null,null,school,
FMS Alliance / Pinto Martial Arts,Spokane,null,Washington,[646] 5939650,null,null,school,
Hufana Traditional Arnis International,"14510 NE 20th Street, Suite 100, Bellevue ",98007,Washington,[425] 6438488,null,null,school,Arnis
International Serrada Eskrima Society,"2850 SW Yancy #116, Seattle ",98126,Washington,[206] 9358218,null,null,school,Eskrima
Kalahi Martial Arts Academy," Cascade Mall Dr., Burlington ",98233,Washington,[360] 7204313,null,null,school,
LESKAS (Ballard / Crown Hill neighborhood),"1475 NW 85th St., [in Ballard], Seattle ",98155,Washington,null,null,null,school,
Little Dojo,"1726 East Isaacs, Walla Walla ",99362,Washington,[509] 5273385,null,null,school,
Manaois Systems International Martial Arts Academy," 216 W. Broadway, Moses Lake ",98837,Washington,[509] 7710922,null,null,school,
Seattle Escrima Club,"917 E Yesler Way, Seattle ",98122,Washington,[234] 2060488,null,null,Club,Escrima
Seattle Filipino Martial Arts Academy,"5659 California Ave. SW, Seattle ",98136,Washington,[206] 6183992,null,null,school,
Seattle Modern Arnis Academy,"5740 Martin Luther King Jr. Way, Seattle ",98122,Washington,[206] 8598363,null,null,school,Arnis
"Lussier Family East YMCA, Inayan System III, Dave Swoboda","711 Cottage Grove Road, Madison",null,Wisconsin,608-609-8826,eskrimamadison.wordpress.com / www.ymcadanecounty.org/branches/eastymca.asp,dangle77@yahoo.com,School,
Nubreed Martial Arts Systems,Rock Springs ,82901,Wyoming,[307] 3890339,null,null,school,
Wyoming Combatives Group,"2145 W. Teton, Green River ",82935,Wyoming,[307] 8710907,null,null,school,
